"female","disease_type","riskfactor","V1","V2","V3"
0,"CMD","dairy_tot",0,0,0
1,"CMD","dairy_tot",0,0,0
0,"Cancer","dairy_tot",5878.20390809994,5225.29696767653,6015.52753435566
1,"Cancer","dairy_tot",5467.37125920071,5272.66346867436,4997.66544027693
0,"CMD","leg_tot",4754.37083204022,4782.76978205364,4280.99889641334
1,"CMD","leg_tot",4050.5242822819,4052.24951437156,4132.40968394041
0,"Cancer","leg_tot",1072.6156283914,1206.78899174966,1016.78871780905
1,"Cancer","leg_tot",1625.64747864243,1360.40031740851,1560.84155877867
