"pathway","riskfactor","V1","V2","V3"
"direct","dairy_tot",11345.5751673006,10497.9604363509,11013.1929746326
"medBMI","dairy_tot",0,0,0
"medSBP","dairy_tot",0,0,0
"direct","leg_tot",5208.72959909858,5310.22961920337,5043.08938125834
"medBMI","leg_tot",6294.42862225738,6091.97898637999,5947.94947568313
"medSBP","leg_tot",0,0,0
