"female","disease_type","riskfactor","V1","V2","V3"
0,"CMD","dairy_tot",0,0,0
0,"Cancer","dairy_tot",0.014192250264281,0.0126510385203377,0.0145232963321757
1,"CMD","dairy_tot",0,0,0
1,"Cancer","dairy_tot",0.00914000933161435,0.00881231847928439,0.00837329795139184
0,"CMD","leg_tot",0.0120797445461267,0.0120546923092557,0.0108286223276391
0,"Cancer","leg_tot",0.00258970761707217,0.00292177346378325,0.00245483438844164
1,"CMD","leg_tot",0.011548557080658,0.0115999115449122,0.0118017502530826
1,"Cancer","leg_tot",0.00271765578379241,0.00227366698586918,0.00261509930641626
