"pathway","riskfactor","V1","V2","V3"
"direct","dairy_tot",0.00645851522318002,0.00597339752936777,0.00626978874491901
"medBMI","dairy_tot",0,0,0
"medSBP","dairy_tot",0,0,0
"direct","leg_tot",0.00296509069951456,0.00302155001250424,0.00287102070353843
"medBMI","leg_tot",0.00358312932386498,0.00346636972456068,0.00338615574646545
"medSBP","leg_tot",0,0,0
