"pathway","riskfactor","means","sd.devs","medians","LB","UB","RE.PAF.means","RE.PAF.sd.devs","RE.PAF.medians","RE.PAF.LB","RE.PAF.UB","RE.PAF.medians.as.percent","RE.PAF.LB.as.percent","RE.PAF.UB.as.percent","mort.per.100k.means","mort.per.100k.sd.devs","mort.per.100k.medians","mort.per.100k.LB","mort.per.100k.UB"
"direct","dairy_tot",10952.242859428,427.08180766493,11013.1929746326,10523.722063265,11328.9560576672,0.0062339004991556,0.000244541957239262,0.00626978874491901,0.00598821709014533,0.00644907889926697,0.626978874491901,0.598821709014533,0.644907889926697,4.47252932268788,0.174405912330883,4.49741930923879,4.29753577562906,4.62636638117841
"direct","leg_tot",5187.34953318677,134.847347382614,5208.72959909858,5051.37139215035,5305.15461819813,0.00295255380518574,7.60437275782172e-05,0.00296509069951456,0.00287572420333723,0.00301872704685475,0.296509069951456,0.287572420333723,0.301872704685475,2.11833988635828,0.0550671422279724,2.12707078951108,2.062810965859,2.16644753917768
"medBMI","dairy_tot",0,0,0,0,0,0,0,0,0,0,0,0,0,0,0,0,0,0
"medBMI","leg_tot",6111.45236144017,174.05849305587,6091.97898637999,5955.15095121797,6284.30614046351,0.00347855159829704,9.90502200108066e-05,0.00346636972456068,0.00339016644537021,0.00357729134389977,0.346636972456069,0.339016644537021,0.357729134389977,2.49571254414081,0.0710796614033351,2.48776026969929,2.43188428089203,2.56630024066489
"medSBP","dairy_tot",0,0,0,0,0,0,0,0,0,0,0,0,0,0,0,0,0,0
"medSBP","leg_tot",0,0,0,0,0,0,0,0,0,0,0,0,0,0,0,0,0,0
