"disease_type","riskfactor","means","sd.devs","medians","LB","UB","RE.PAF.means","RE.PAF.sd.devs","RE.PAF.medians","RE.PAF.LB","RE.PAF.UB","RE.PAF.medians.as.percent","RE.PAF.LB.as.percent","RE.PAF.UB.as.percent","mort.per.100k.means","mort.per.100k.sd.devs","mort.per.100k.medians","mort.per.100k.LB","mort.per.100k.UB"
"CMD","dairy_tot",0,0,0,0,0,0,0,0,0,0,0,0,0,0,0,0,0,0
"CMD","leg_tot",8684.44099703369,235.203730317717,8804.89511432213,8432.98290705218,8833.51308732004,0.0116522953687341,0.000317546888700379,0.0118294385356332,0.0113128800499464,0.0118411389956576,1.18294385356332,1.13128800499464,1.18411389956576,3.54643496395352,0.0960493292701235,3.59562439287011,3.443747898363,3.60731101496495
"Cancer","dairy_tot",10952.242859428,427.08180766493,11013.1929746326,10523.722063265,11328.9560576672,0.0108265993500362,0.000417444028771498,0.0108927629184079,0.0104056616640925,0.011191298002864,1.08927629184079,1.04056616640925,1.1191298002864,4.47252932268788,0.174405912330883,4.49741930923879,4.29753577562906,4.62636638117841
"Cancer","leg_tot",2614.36089759324,72.8487406341112,2577.63027658772,2567.71135752964,2692.23146551153,0.00258436724470541,7.03166975000468e-05,0.00254944370436921,0.00253890384441495,0.00265951565428165,0.254944370436921,0.253890384441495,0.265951565428165,1.06761746654557,0.0297489868320872,1.05261791060107,1.04856735612506,1.0994171995189
