"female","disease_type","riskfactor","means","sd.devs","medians","LB","UB","RE.PAF.means","RE.PAF.sd.devs","RE.PAF.medians","RE.PAF.LB","RE.PAF.UB","RE.PAF.medians.as.percent","RE.PAF.LB.as.percent","RE.PAF.UB.as.percent","mort.per.100k.means","mort.per.100k.sd.devs","mort.per.100k.medians","mort.per.100k.LB","mort.per.100k.UB"
0,"CMD","dairy_tot",0,0,0,0,0,0,0,0,0,0,0,0,0,0,0,0,0,0
0,"CMD","leg_tot",4606.0465035024,281.857384586972,4754.37083204022,4304.66749319469,4781.34983455297,0.0116543530610072,0.000715213490270193,0.0120546923092557,0.0108899258267199,0.0120784919342831,1.20546923092557,1.08899258267199,1.20784919342831,3.90783200912452,0.239131608562691,4.03367237099478,3.65213798986891,4.0565617207904
0,"Cancer","dairy_tot",5706.34280337738,422.218268927165,5878.20390809994,5257.9423146977,6008.66135304288,0.0137888617055981,0.000999189209036166,0.014192250264281,0.0127280991075348,0.014506744028781,1.4192250264281,1.27280991075348,1.4506744028781,4.84133823770974,0.35821567691427,4.98714751810838,4.46090921224569,5.09782937483496
0,"Cancer","leg_tot",1098.73111265004,97.6552093486229,1072.6156283914,1019.58006333817,1200.08032358174,0.00265543848976569,0.000240309042149911,0.00258970761707217,0.00246157804987317,0.0029051701714477,0.258970761707217,0.246157804987317,0.29051701714477,0.932178302622422,0.0828519974038742,0.910021573366197,0.865025484295142,1.01816434081749
1,"CMD","dairy_tot",0,0,0,0,0,0,0,0,0,0,0,0,0,0,0,0,0,0
1,"CMD","leg_tot",4078.39449353129,46.7864799129037,4052.24951437156,4050.61054388639,4128.40167546196,0.011650072959551,0.000133842524182441,0.0115999115449122,0.0115511248038707,0.0117916583176741,1.15999115449122,1.15511248038707,1.17916583176741,3.21105609862195,0.0368365571049266,3.19047128395718,3.18918086779458,3.25042842191439
1,"Cancer","dairy_tot",5245.90005605066,235.993854314396,5272.66346867436,5011.4153416968,5457.63586967439,0.0087752085874302,0.000384700459053209,0.00881231847928439,0.00839524897778647,0.00912362478899786,0.881231847928439,0.839524897778647,0.912362478899786,4.13027219276121,0.185805837648973,4.151343920732,3.94565455136976,4.29697886537749
1,"Cancer","leg_tot",1515.6297849432,138.282654391924,1560.84155877867,1370.42237947701,1622.40718264925,0.00253547402535928,0.000232457850389876,0.00261509930641626,0.00229073860189653,0.0027125279599236,0.261509930641626,0.229073860189653,0.27125279599236,1.19330591288168,0.108874548899842,1.22890265133701,1.07897927635183,1.27737532172449
