"disease_type","X1","X2","X3"
"CMD",744320.627542858,746090.375849903,745493.321354578
"Cancer",1012364.1173627,1011361.79182158,1011055.96964946
