"female","disease_type","X1","X2","X3"
1,"CMD",350738.560150158,349334.518516126,350152.273630856
0,"CMD",393582.0673927,396755.857333777,395341.047723723
1,"Cancer",598180.052211722,598328.746409824,596857.471128947
0,"Cancer",414184.065150976,413033.045411758,414198.498520514
