"female","X1","X2","X3"
1,948918.61236188,947663.26492595,947009.744759801
0,807766.132543678,809788.902745534,809539.546244238
