"disease_type2","V1","V2","V3"
"Cancer",132416.84287576,124548.986420674,130769.171306783
"DIAB",856.070466739042,928.548331266577,851.928625160166
"HHD",574.519252970283,480.336401644002,414.217923317871
"HSTK",819.601056921318,815.625229510415,810.855755872358
"IHD",3790.44975765216,3539.35520996197,3648.19177392383
"ISTK",810.044950793413,884.766020120408,794.768286546009
"OSTK",1451.26754926809,1625.93364004073,1419.42480532022
"Other_CVD",3565.53825373019,3670.58901738058,3370.70241908498
