"pathway","V1","V2","V3"
"direct",268515.716046976,257283.634188044,256436.103181335
"medSBP",0,0,0
"medBMI",200874.255852866,190637.671173977,188229.44829494
