"disease_type","V1","V2","V3"
"Cancer",132416.84287576,124548.986420674,130769.171306783
"CMD",97187.2897744514,98236.3504114307,91062.3190353073
