"female","pathway","V1","V2","V3"
0,"direct",118284.807056156,112546.658103474,114058.952606192
0,"medSBP",0,0,0
0,"medBMI",92786.2835487172,90043.8711750021,81911.6801585572
1,"direct",150230.908990821,144736.97608457,142377.150575143
1,"medBMI",108087.972304149,100593.799998975,106317.768136383
1,"medSBP",0,0,0
