"pathway","disease_type","V1","V2","V3"
"direct","Cancer",92627.9333950616,87874.4318827438,91790.0635508224
"medSBP","Cancer",0,0,0
"medBMI","Cancer",39788.9094806989,36674.5545379301,38979.1077559604
"direct","CMD",43564.6632240664,45559.3626460877,41622.2098196094
"medSBP","CMD",0,0,0
"medBMI","CMD",53622.6265503849,52676.987765343,49440.1092156979
