"female","disease_type","V1","V2","V3"
0,"Cancer",52681.0547722937,49656.1092027221,52900.2337481301
0,"CMD",53339.3590035813,53294.4083564771,47505.9882713189
1,"Cancer",79735.7881034667,74892.8772179518,77868.9375586527
1,"CMD",43847.9307708701,44941.9420549537,43556.3307639884
