"disease_type3","means","sd.devs","medians","LB","UB","RE.PAF.means","RE.PAF.sd.devs","RE.PAF.medians","RE.PAF.LB","RE.PAF.UB","RE.PAF.medians.as.percent","RE.PAF.LB.as.percent","RE.PAF.UB.as.percent","mort.per.100k.means","mort.per.100k.sd.devs","mort.per.100k.medians","mort.per.100k.LB","mort.per.100k.UB"
"All_HD",8230.88336570053,660.71265965253,8073.10341056529,7683.83238414676,8912.04730911925,0.0198371469842593,0.00159630138688191,0.0194144562576741,0.0185407162831274,0.0214928648029887,1.94144562576741,1.85407162831274,2.14928648029887,3.36121721159879,0.269812930748082,3.2967851601065,3.1378199050007,3.63938176196533
"All_STK",9422.32709580975,374.994310647006,9261.4398119326,9159.96336698099,9821.44501593407,0.0638268502139773,0.00265419524333811,0.0631175071949033,0.0616753009161363,0.0665813410780311,6.31175071949033,6.16753009161363,6.65813410780311,3.84776294361376,0.153135122343101,3.78206196309097,3.74062238021891,4.01074934045298
"Cancer",129245.000201072,4149.47158913923,130769.171306783,124859.995664979,132334.459297312,0.127762868748652,0.00406123360030877,0.129339201025756,0.123459255050419,0.130726600011347,12.9339201025756,12.3459255050419,13.0726600011347,52.7793311953899,1.69450528026866,53.4017516484951,50.9886421447985,54.0409628608419
"DIAB",878.849141055261,43.09055399576,856.070466739042,852.13571723911,924.9244380402,0.01211696625918,0.000593258336629061,0.0117934850435819,0.0117576444758259,0.0127512470757924,1.17934850435819,1.17576444758259,1.27512470757924,0.358892566941671,0.0175967396587631,0.34959051893937,0.34798369897183,0.377708175713466
"Other_CVD",3535.60989673191,152.166924375134,3565.53825373019,3380.44421081724,3665.33647919806,0.0320805615556336,0.00139780473940174,0.0323638958634315,0.0306528501196086,0.0332674388300304,3.23638958634315,3.06528501196086,3.32674388300304,1.44382471605864,0.0621398776438891,1.45604645510996,1.38046024459507,1.49680070932859
