"pathway","means","sd.devs","medians","LB","UB","RE.PAF.means","RE.PAF.sd.devs","RE.PAF.medians","RE.PAF.LB","RE.PAF.UB","RE.PAF.medians.as.percent","RE.PAF.LB.as.percent","RE.PAF.UB.as.percent","mort.per.100k.means","mort.per.100k.sd.devs","mort.per.100k.medians","mort.per.100k.LB","mort.per.100k.UB"
"direct",260745.151138785,6742.83593498652,257283.634188044,256478.47973167,267954.11195403,0.14841268150647,0.00385139830999433,0.146395810321785,0.1460089233915,0.152530780128424,14.6395810321785,14.60089233915,15.2530780128424,106.479590453293,2.75354845800741,105.06602281588,104.737224690999,109.423488707387
"medBMI",193247.125107261,6714.14379624799,190637.671173977,188349.859438892,200362.426618922,0.10999367733796,0.00382828793006833,0.108473888894831,0.107224410653497,0.114054764199083,10.8473888894831,10.7224410653497,11.4054764199083,78.9156563327426,2.74183154910703,77.8500427061447,76.9157769852975,81.821307262796
"medSBP",0,0,0,0,0,0,0,0,0,0,0,0,0,0,0,0,0,0
