"pathway","disease_type","means","sd.devs","medians","LB","UB","RE.PAF.means","RE.PAF.sd.devs","RE.PAF.medians","RE.PAF.LB","RE.PAF.UB","RE.PAF.medians.as.percent","RE.PAF.LB.as.percent","RE.PAF.UB.as.percent","mort.per.100k.means","mort.per.100k.sd.devs","mort.per.100k.medians","mort.per.100k.LB","mort.per.100k.UB"
"direct","CMD",43582.0785632545,1968.63418777861,43564.6632240664,41719.3324898323,45459.6276749867,0.0584751110126863,0.00261660612119041,0.0585294315540892,0.0559666507395806,0.0609373988255995,5.85294315540892,5.59666507395806,6.09373988255995,17.7974618367824,0.803924296009036,17.7903499952917,17.0367787017356,18.5641900370961
"direct","Cancer",90764.1429428759,2537.38624912699,91790.0635508224,88070.2134661477,92586.0399028496,0.0897234092574438,0.00248174224333696,0.0907863326128686,0.0870821919534773,0.0914611417092994,9.07863326128686,8.70821919534773,9.14611417092994,37.065037360014,1.0361835970827,37.4839889903497,35.9649267495605,37.8090390846821
"medBMI","CMD",51913.241177142,2193.36372997756,52676.987765343,49601.9531431801,53575.3446111328,0.069655018256033,0.0029775382274535,0.0706040306515635,0.0665329171968458,0.0719704587790193,7.06040306515635,6.65329171968458,7.19704587790193,21.1996297361745,0.895696317508153,21.5115182739539,20.2557770808096,21.8783771344268
"medBMI","Cancer",38480.8572581964,1615.85638169938,38979.1077559604,36789.7821988316,39748.419394462,0.0380394594912085,0.00158389517079894,0.0385528684128878,0.0363770630969416,0.0392654583020479,3.85528684128878,3.63770630969416,3.92654583020479,15.7142938353759,0.659861650363388,15.9177626581454,15.023715395238,16.2319237761598
"medSBP","CMD",0,0,0,0,0,0,0,0,0,0,0,0,0,0,0,0,0,0
"medSBP","Cancer",0,0,0,0,0,0,0,0,0,0,0,0,0,0,0,0,0,0
