"female","pathway","means","sd.devs","medians","LB","UB","RE.PAF.means","RE.PAF.sd.devs","RE.PAF.medians","RE.PAF.LB","RE.PAF.UB","RE.PAF.medians.as.percent","RE.PAF.LB.as.percent","RE.PAF.UB.as.percent","mort.per.100k.means","mort.per.100k.sd.devs","mort.per.100k.medians","mort.per.100k.LB","mort.per.100k.UB"
0,"direct",114963.472588607,2974.08904536048,114058.952606192,112622.272828609,118073.514333658,0.142103599518517,0.00387043000957336,0.140893614321072,0.13907825741215,0.146157429042713,14.0893614321072,13.907825741215,14.6157429042713,97.5365615002487,2.52325727944969,96.7691545412683,95.5502560309236,100.175162884707
0,"medBMI",88247.2782940922,5655.53350340374,90043.8711750021,82318.2897093794,92649.1629300315,0.109081686066744,0.00708272557258116,0.111194251822561,0.101683609825856,0.114684081415189,11.1194251822561,10.1683609825856,11.4684081415189,74.8701817433991,4.79823094197418,76.3944353873965,69.8399478203468,78.6048000690536
0,"medSBP",0,0,0,0,0,0,0,0,0,0,0,0,0,0,0,0,0,0
1,"direct",145781.678550178,4029.75591620536,144736.97608457,142495.141850614,149956.212345508,0.153797437163238,0.00409273944137475,0.152730385825265,0.150463236539767,0.158038631423987,15.2730385825265,15.0463236539767,15.8038631423987,114.778780894875,3.17276132341115,113.956251777411,112.191180865203,118.065530674393
1,"medBMI",104999.846813169,3917.05783663536,106317.768136383,100879.998405845,107999.462095761,0.110774198854661,0.00408831619915356,0.112266815336044,0.106455183577385,0.113824490122762,11.2266815336044,10.6455183577385,11.3824490122762,82.6698837002071,3.0840303641378,83.7075271427731,79.426189551758,85.0315809224751
1,"medSBP",0,0,0,0,0,0,0,0,0,0,0,0,0,0,0,0,0,0
