"disease_type","V1","V2","V3"
"Cancer",232742.412238914,222635.679505592,236928.786576091
"CMD",267843.024297788,269601.268081855,263082.679958079
