"pathway","disease_type","V1","V2","V3"
"direct","Cancer",118473.86341327,112565.962243871,120257.532225312
"medSBP","Cancer",0,0,0
"medBMI","Cancer",114268.548825643,110069.717261721,116671.254350779
"direct","CMD",120548.883534285,125101.075213002,120857.807475491
"medSBP","CMD",0,0,0
"medBMI","CMD",147294.140763503,144500.192868853,142224.872482588
