"female","disease_type","V1","V2","V3"
0,"Cancer",92354.9273062344,90273.9811972327,94441.506960942
0,"CMD",147224.816125704,146956.218876032,141494.275331873
1,"Cancer",140387.484932679,132361.698308359,142487.279615149
1,"CMD",120618.208172084,122645.049205823,121588.404626206
