"disease_type2","V1","V2","V3"
"Cancer",232742.412238914,222635.679505592,236928.786576091
"DIAB",2574.1080336699,2745.61151808422,2647.04582072253
"HHD",1669.42151015911,1412.15273037657,1280.28787540495
"HSTK",2410.27024277571,2403.49087478189,2513.11631372616
"IHD",11209.1793228073,10368.2914802708,11191.4538660538
"ISTK",2395.08280749548,2558.93998304246,2431.05783988762
"OSTK",4161.99878938612,4661.69553043774,4237.48714820188
"Other_CVD",10067.0927984536,10281.7900500474,9969.89836764073
