"female","pathway","V1","V2","V3"
0,"direct",217619.376925012,215634.089248825,215955.409525887
0,"medSBP",0,0,0
0,"medBMI",248201.937880677,243316.975853759,235166.977777067
1,"direct",275619.387840605,271764.514862928,270870.698819582
1,"medBMI",285032.69337839,275914.619974524,286321.515200065
1,"medSBP",0,0,0
