"pathway","V1","V2","V3"
"direct",493238.764765618,487398.604111753,486826.108345469
"medSBP",0,0,0
"medBMI",533234.631259066,519231.595828283,521488.492977132
