"disease_type3","means","sd.devs","medians","LB","UB","RE.PAF.means","RE.PAF.sd.devs","RE.PAF.medians","RE.PAF.LB","RE.PAF.UB","RE.PAF.medians.as.percent","RE.PAF.LB.as.percent","RE.PAF.UB.as.percent","mort.per.100k.means","mort.per.100k.sd.devs","mort.per.100k.medians","mort.per.100k.LB","mort.per.100k.UB"
"All_HD",24275.2140691772,1519.25554748407,23479.1904244748,23327.3710515866,25899.6771847647,0.0585065108770058,0.00369949366274529,0.0564635050834371,0.0562882605825872,0.0624613160959579,5.64635050834371,5.62882605825872,6.24613160959579,9.91318473598841,0.620413103689483,9.5881153289108,9.52611737965881,10.576561088334
"All_STK",26903.3743204184,660.655861481671,26949.4376693525,26257.3195436544,27510.2752505882,0.182227537112199,0.00404949123136748,0.181336703337546,0.178829584895065,0.186382698037788,18.1336703337546,17.8829584895065,18.6382698037788,10.9864373965866,0.269789736276602,11.0052481261745,10.7226102544911,11.2342754185325
"Cancer",230768.959440199,7348.06875265545,232742.412238914,223141.016142258,236719.467859232,0.228124137545709,0.0072663007659687,0.2298999028583,0.220622823819702,0.234116050756012,22.98999028583,22.0622823819702,23.4116050756012,94.2383173117802,3.00070527865325,95.0442093671773,91.1233206385215,96.6683057379515
"DIAB",2655.58845749222,86.0702839184176,2647.04582072253,2577.75492302253,2740.68323321613,0.0366150253057649,0.00125264141256866,0.0366437919497049,0.0354130255092544,0.0377925734549264,3.66437919497049,3.54130255092544,3.77925734549264,1.08445342178485,0.0351482224762587,1.08096489492,1.05266881203211,1.11920327937271
"Other_CVD",10106.2604053806,159.592234970572,10067.0927984536,9974.75808918137,10271.0551874677,0.0916987065539009,0.00148654893430356,0.0913776041067008,0.0904478830817255,0.0932224671061964,9.13776041067008,9.04478830817255,9.32224671061964,4.12705841040349,0.0651721259052188,4.11106367099452,4.07335726692529,4.19435508237933
