"pathway","means","sd.devs","medians","LB","UB","RE.PAF.means","RE.PAF.sd.devs","RE.PAF.medians","RE.PAF.LB","RE.PAF.UB","RE.PAF.medians.as.percent","RE.PAF.LB.as.percent","RE.PAF.UB.as.percent","mort.per.100k.means","mort.per.100k.sd.devs","mort.per.100k.medians","mort.per.100k.LB","mort.per.100k.UB"
"direct",489154.492407613,3548.64740025994,487398.604111753,486854.733133783,492946.756732924,0.278419940579252,0.0020443617110427,0.277332500467154,0.277158298816264,0.280605906437524,27.7332500467154,27.7158298816264,28.0605906437524,199.754318699595,1.44914879602766,199.037272703501,198.815174003906,201.302952491964
"medBMI",524651.573354827,7518.31486609603,521488.492977132,519344.440685726,532647.32434497,0.298624669145485,0.00432211416543411,0.296882356588497,0.29551748414381,0.303212819820599,29.6882356588497,29.551748414381,30.3212819820599,214.250138180951,3.07022809185321,212.958442048859,212.082882872006,217.515335202175
"medSBP",0,0,0,0,0,0,0,0,0,0,0,0,0,0,0,0,0,0
