"pathway","disease_type","means","sd.devs","medians","LB","UB","RE.PAF.means","RE.PAF.sd.devs","RE.PAF.medians","RE.PAF.LB","RE.PAF.UB","RE.PAF.medians.as.percent","RE.PAF.LB.as.percent","RE.PAF.UB.as.percent","mort.per.100k.means","mort.per.100k.sd.devs","mort.per.100k.medians","mort.per.100k.LB","mort.per.100k.UB"
"direct","CMD",122169.255407593,2543.72444044285,120857.807475491,120564.329731345,124888.911826127,0.163917221780801,0.00325574092859149,0.162117894303721,0.16196625424281,0.167397617674311,16.2117894303721,16.196625424281,16.7397617674311,49.889833904755,1.03877190222502,49.3542824741681,49.2344359885579,51.0004505369509
"direct","Cancer",117099.119294151,4025.85434903465,118473.86341327,112861.357302341,120168.34878471,0.115756938449691,0.0039757222009505,0.117026928731834,0.111587656623938,0.118846728535622,11.7026928731834,11.1587656623938,11.8846728535622,47.8193600549292,1.64402413788953,48.3807595292534,46.0887999300112,49.0727306266716
"medBMI","CMD",144673.068704981,2539.05194255899,144500.192868853,142338.638501901,147154.443368771,0.19411559364083,0.00357586174197236,0.193676527061814,0.190924388794286,0.197680005079538,19.3676527061814,19.0924388794286,19.7680005079538,59.0796378688098,1.03686381051595,59.0090411649023,58.1263347263345,60.0929482096064
"medBMI","Cancer",113669.840146048,3341.24408668657,114268.548825643,110279.658839917,116551.119074522,0.112367199096018,0.00331024139280025,0.112872974126467,0.109035167195764,0.11526932222039,11.2872974126467,10.9035167195764,11.526932222039,46.418957256851,1.36445222624871,46.6634498379239,45.0345207085102,47.5955751112799
"medSBP","CMD",0,0,0,0,0,0,0,0,0,0,0,0,0,0,0,0,0,0
"medSBP","Cancer",0,0,0,0,0,0,0,0,0,0,0,0,0,0,0,0,0,0
