"female","disease_type1","means","sd.devs","medians","LB","UB","RE.PAF.means","RE.PAF.sd.devs","RE.PAF.medians","RE.PAF.LB","RE.PAF.UB","RE.PAF.medians.as.percent","RE.PAF.LB.as.percent","RE.PAF.UB.as.percent","mort.per.100k.means","mort.per.100k.sd.devs","mort.per.100k.medians","mort.per.100k.LB","mort.per.100k.UB"
0,"CMD",145225.103444536,3233.78183019687,146956.218876032,141767.372509081,147211.38626322,0.367454249063043,0.00847150971786226,0.370394579335481,0.358528848533878,0.373880368860635,37.0394579335481,35.8528848533878,37.3880368860635,123.210937479126,2.74358414248737,124.679639171465,120.277351893692,124.89612662607
0,"Cancer",92356.805154803,2083.76351646045,92354.9273062344,90378.0285026828,94337.1779782066,0.223184745492499,0.00472665353301178,0.22298039706711,0.218784421160957,0.227758765985623,22.298039706711,21.8784421160957,22.7758765985623,78.3567597873749,1.76789308637639,78.3551665953089,76.6779389734331,80.0369348145728
1,"CMD",121617.220668038,1013.72773327519,121588.404626206,120666.717994791,122592.216976842,0.347408033526687,0.00359489357384243,0.347244367044691,0.34406509845308,0.350890085109991,34.7244367044691,34.406509845308,35.0890085109991,95.7532967306018,0.798141676936467,95.7306088991503,95.0049342535223,96.5209438644151
1,"Cancer",138412.154285396,5343.99640481482,140387.484932679,132762.987639575,142382.289881025,0.23154639699716,0.00916884350957385,0.234691017217321,0.221892618891937,0.238527247915247,23.4691017217321,22.1892618891937,23.8527247915247,108.97650848795,4.2075067220475,110.531752231981,104.528731050293,112.102328743181
