"female","disease_type1","riskfactor","V1","V2","V3"
0,"CMD","dairy_tot",0,0,0
1,"CMD","dairy_tot",0,0,0
0,"Cancer","dairy_tot",5878.20390809994,5225.29696767653,6015.52753435566
1,"Cancer","dairy_tot",5467.37125920071,5272.66346867436,4997.66544027693
0,"CMD","leg_tot",14086.046163915,14033.9964000513,13550.0098064609
1,"CMD","leg_tot",11798.7949123695,11727.6932442927,12192.0925204167
0,"Cancer","leg_tot",3242.29927865858,3638.00304942269,3262.87502326808
1,"Cancer","leg_tot",4759.61172976972,4246.06640800107,4719.58507892915
