"female","disease_type1","riskfactor","V1","V2","V3"
0,"CMD","dairy_tot",0,0,0
0,"Cancer","dairy_tot",0.014192250264281,0.0126510385203377,0.0145232963321757
1,"CMD","dairy_tot",0,0,0
1,"Cancer","dairy_tot",0.00914000933161435,0.00881231847928439,0.00837329795139184
0,"CMD","leg_tot",0.0357893494925432,0.0353718694775184,0.0342742295151959
0,"Cancer","leg_tot",0.00782816035541279,0.00880801933364901,0.00787756361967225
1,"CMD","leg_tot",0.0336398567278094,0.0335715270684059,0.0348194012678897
1,"Cancer","leg_tot",0.00795682121490251,0.00709654422168234,0.0079073904696244
