"pathway","riskfactor","V1","V2","V3"
"direct","dairy_tot",0.00645851522318002,0.00597339752936777,0.00626978874491901
"medBMI","dairy_tot",0,0,0
"medSBP","dairy_tot",0,0,0
"direct","leg_tot",0.00867147098232285,0.00876488482852641,0.00876754920604939
"medBMI","leg_tot",0.0106187017040317,0.0103797381209256,0.0104317767689125
"medSBP","leg_tot",0,0,0
