"disease_type","riskfactor","means","sd.devs","medians","LB","UB","RE.PAF.means","RE.PAF.sd.devs","RE.PAF.medians","RE.PAF.LB","RE.PAF.UB","RE.PAF.medians.as.percent","RE.PAF.LB.as.percent","RE.PAF.UB.as.percent","mort.per.100k.means","mort.per.100k.sd.devs","mort.per.100k.medians","mort.per.100k.LB","mort.per.100k.UB"
"CMD","dairy_tot",0,0,0,0,0,0,0,0,0,0,0,0,0,0,0,0,0,0
"CMD","leg_tot",25796.2110158354,77.3781717463245,25761.689644344,25743.0816927509,25878.6835046875,0.0346118904686054,0.000142528352185347,0.0345302923440059,0.034528981924526,0.0347641574185943,3.45302923440059,3.4528981924526,3.47641574185943,10.5343089688017,0.0315986548612285,10.5202115963972,10.5126127319268,10.5679879722206
"Cancer","dairy_tot",10952.242859428,427.08180766493,11013.1929746326,10523.722063265,11328.9560576672,0.0108265993500362,0.000417444028771498,0.0108927629184079,0.0104056616640925,0.011191298002864,1.08927629184079,1.04056616640925,1.1191298002864,4.47252932268788,0.174405912330883,4.49741930923879,4.29753577562906,4.62636638117841
"Cancer","leg_tot",7956.14685601643,63.1739501631649,7982.46010219722,7888.98898966243,8000.93846311675,0.00786495090586292,6.03159680282378e-05,0.00789517132762174,0.00780048226003817,0.00790373219319266,0.789517132762174,0.780048226003817,0.790373219319266,3.24902401872074,0.0257981262980808,3.25976946754152,3.22159899442457,3.26731541151926
