"pathway","riskfactor","means","sd.devs","medians","LB","UB","RE.PAF.means","RE.PAF.sd.devs","RE.PAF.medians","RE.PAF.LB","RE.PAF.UB","RE.PAF.medians.as.percent","RE.PAF.LB.as.percent","RE.PAF.UB.as.percent","mort.per.100k.means","mort.per.100k.sd.devs","mort.per.100k.medians","mort.per.100k.LB","mort.per.100k.UB"
"direct","dairy_tot",10952.242859428,427.08180766493,11013.1929746326,10523.722063265,11328.9560576672,0.0062339004991556,0.000244541957239262,0.00626978874491901,0.00598821709014533,0.00644907889926697,0.626978874491901,0.598821709014533,0.644907889926697,4.47252932268788,0.174405912330883,4.49741930923879,4.29753577562906,4.62636638117841
"direct","leg_tot",15345.8463245172,97.7058353023402,15400.6323417291,15241.4203680973,15403.7041663069,0.00873463500563288,5.47178682646613e-05,0.00876488482852641,0.00867614167463303,0.00876741598717324,0.876488482852641,0.867614167463303,0.876741598717324,6.26672988800481,0.0398997921244281,6.28910266329829,6.22408582339339,6.29035709361678
"medBMI","dairy_tot",0,0,0,0,0,0,0,0,0,0,0,0,0,0,0,0,0,0
"medBMI","leg_tot",18406.5115473346,217.975449004971,18323.9300873457,18245.9951018262,18637.2222338336,0.0104767388646233,0.00012566658685088,0.0104317767689125,0.010382340053325,0.0106093554572757,1.04317767689125,1.0382340053325,1.06093554572757,7.51660309951768,0.0890138759534144,7.48287959593478,7.45105355696968,7.61081762011115
"medSBP","dairy_tot",0,0,0,0,0,0,0,0,0,0,0,0,0,0,0,0,0,0
"medSBP","leg_tot",0,0,0,0,0,0,0,0,0,0,0,0,0,0,0,0,0,0
