"race","disease_type1","X1","X2","X3"
1,"CMD",569890.207019126,570854.386411829,570170.533874401
2,"CMD",95017.6586696134,95937.7960203944,96191.3891979371
3,"CMD",53149.9210569451,52946.62165426,52733.1423971603
4,"CMD",26262.8407971735,26351.5717634202,26398.25588508
1,"Cancer",741887.244184445,738907.961229581,738860.573605162
2,"Cancer",110010.98496694,110158.07731189,111135.268984772
3,"Cancer",87927.4118315071,87698.7777158017,87389.1030643623
4,"Cancer",72538.4763798076,74596.9755643097,73671.0239951637
